<?xml version="1.0" encoding="utf-8"?>
<!DOCTYPE hibernate-configuration PUBLIC
	"-//Hibernate/Hibernate Configuration DTD 3.0//EN"
	"http://hibernate.sourceforge.net/hibernate-configuration-3.0.dtd">

<hibernate-configuration>

	<session-factory>

		<property name="show_sql">false</property>
		<property name="format_sql">false</property>
		<property name="current_session_context_class">thread</property>
		
		<!-- 
		<property name="hibernate.connection.provider_class">org.hibernate.connection.C3P0ConnectionProvider</property>
		<property name="hibernate.c3p0.acquire_increment">2</property> 
		<property name="hibernate.c3p0.idle_test_period">60</property> 
		<property name="hibernate.c3p0.max_size">200</property> 
		<property name="hibernate.c3p0.max_statements">0</property> 
		<property name="hibernate.c3p0.initial_pool_size">20</property> 
		<property name="hibernate.c3p0.min_size">8</property> 
		<property name="hibernate.c3p0.timeout">600</property>
		<property name="hibernate.c3p0.validate">true</property>
	 -->

		<!-- MySql setting -->

		<property name="dialect">org.hibernate.dialect.MySQLDialect</property>
		<property name="connection.driver_class">com.mysql.jdbc.Driver</property>
		<property name="connection.url">jdbc:mysql://127.0.0.1:3306/tht?autoReconnect=true&amp;useUnicode=true&amp;characterEncoding=UTF-8&amp;characterSetResults=UTF-8</property>
		<property name="connection.username">root</property>
		<property name="connection.password">root</property>
		<property name="hibernate.hbm2ddl.auto">update</property>
		<property name="show_sql">false</property>

		<!-- H2 setting -->
		<!--
			<property name="dialect">org.hibernate.dialect.H2Dialect</property>
			<property name="connection.driver_class">org.h2.Driver</property>
			<property
			name="connection.url">jdbc:h2:tcp://localhost/db/h2/solr</property>
			<property
			name="connection.url">jdbc:h2:tcp://localhost/db/h2/test</property>
			<property name="connection.username">sa</property> <property
			name="connection.password"></property> <property
			name="hibernate.hbm2ddl.auto">update</property>
		-->
		

		
		<!--for eclipse HibernateTools-->
		 
		<mapping resource="com/tht/person/People.hbm.xml" />
		
	</session-factory>
</hibernate-configuration>